{"cameraMode":{"drawMode":0,"name":"Shaded","section":"Shading Mode"},"sceneLighting":true,"audioPlay":false,"sceneViewState":{"showFog":false,"showMaterialUpdate":false,"showSkybox":false,"showFlares":false,"showImageEffects":false,"showParticleSystems":false},"in2DMode":false,"pivot":{"x":0.6501284837722778,"y":1.4178855419158936,"z":3.0313053131103517},"rotation":{"x":-0.06689455360174179,"y":-0.9329693913459778,"z":0.25820690393447878,"w":-0.24170763790607453},"size":5.272307395935059,"orthographic":false}